{"name":"tod","class":"TimeOfDay","persistentId":"49a3be50-5147-474c-bb92-22b37cb07e18","__parent":"sky_and_sun","position":[36.62279891967773,-62.50979995727539,15.32040023803711],"axisTilt":10,"azimuthOverride":0,"play":false,"startTime":0.1000000014901161,"time":0.1000000014901161}
{"name":"theLevelInfo","class":"LevelInfo","persistentId":"9db07344-2f59-4f04-8117-07d04b08e71e","__parent":"sky_and_sun","Enabled":"1","canvasClearColor":[1,1,1,255],"fogAtmosphereHeight":800,"fogColor":[0.7411760091781616,0.8156859874725342,0.9254900217056274,1],"fogDensity":0.0006000000284984708,"globalEnviromentMap":"BNG_Sky_02_cubemap","gravity":-9.810000419616699,"soundAmbience":"AudioAmbienceDefault","visibleDistance":4500}
{"name":"sunsky","class":"ScatterSky","persistentId":"7d6eb1cf-4a73-4780-a87f-9fcacc227ced","__parent":"sky_and_sun","position":[70.39710235595703,4.539209842681885,73.99230194091797],"ambientScale":[0.5450980067253113,0.5450980067253113,0.549019992351532,1],"azimuth":286.6984558105469,"colorize":[0.4235289990901947,0.6078429818153381,0.8666669726371765,1],"colorizeAmount":2,"elevation":52.818603515625,"exposure":15,"fadeStartDistance":1000,"flareScale":5,"flareType":"BNG_Sunflare_2","fogScale":[0.6941180229187012,0.8549020290374756,0.992156982421875,1],"lastSplitTerrainOnly":true,"logWeight":0.9900000095367432,"mieScattering":0.000607529713306576,"moonLightColor":[0.1960780024528503,0.1960780024528503,0.1960780024528503,1],"moonMat":"Moon_Glow_Mat","moonScale":0.02999999932944775,"nightColor":[0.02352939918637276,0.02352939918637276,0.02352939918637276,1],"nightCubemap":"BNG_Sky_Space","nightFogColor":[0.003921569790691137,0.003921569790691137,0.003921569790691137,1],"overDarkFactor":[40000,8000,1800,650],"rayleighScattering":0.009999999776482582,"shadowDarkenColor":[0,0,0,0],"shadowDistance":1600,"shadowSoftness":0.2000000029802322,"skyBrightness":11,"sunScale":[0.9960780143737793,0.9019610285758972,0.8313729763031006,1],"texSize":1024,"useNightCubemap":true}
{"name":"clouds","class":"CloudLayer","persistentId":"ba1f1451-1006-47f8-a30a-658946b01714","__parent":"sky_and_sun","position":[547.2169799804688,-452.9719848632813,609.7449951171875],"Textures":[{"texScale":1.5,"texSpeed":0.002000000094994903},{"texDirection":[0.800000011920929,0.2000000029802322],"texScale":3,"texSpeed":0.02500000037252903},{"texDirection":[0.2000000029802322,0.5],"texScale":4,"texSpeed":0.03500000014901161}],"baseColor":[0.9960780143737793,0.9960780143737793,0.9960780143737793,0.9960780143737793],"coverage":0.07999999821186066,"exposure":1.299999952316284,"height":3,"texture":"levels/jungle_rock_island/art/skies/SkyNormals_05.dds","windSpeed":0.2000000029802322}
{"name":"clouds1","class":"CloudLayer","persistentId":"541e37ca-096c-40e2-aac3-3cd898df7419","__parent":"sky_and_sun","position":[-1278.56005859375,-1211.329956054688,-186.7310028076172],"Textures":[{"texSpeed":0.002000000094994903},{"texDirection":[0.800000011920929,0.2000000029802322],"texScale":2,"texSpeed":0.02500000037252903},{"texDirection":[0.2000000029802322,0.5],"texScale":0.5,"texSpeed":0.03500000014901161}],"baseColor":[0.9960780143737793,0.9960780143737793,0.9960780143737793,0.9960780143737793],"cloneOrigin":"clouds","coverage":0.2000000029802322,"exposure":1.299999952316284,"height":7,"texture":"levels/jungle_rock_island/art/skies/SkyNormals_05.dds","windSpeed":0.2000000029802322}
